{"Mean":{"confidence_interval":{"confidence_level":0.95,"lower_bound":179328.31615112632,"upper_bound":185454.96528882123},"point_estimate":182471.73663723827,"standard_error":1565.0957463672682},"Median":{"confidence_interval":{"confidence_level":0.95,"lower_bound":183891.125,"upper_bound":188133.2570407121},"point_estimate":186178.4312763876,"standard_error":1377.9779715674497},"MedianAbsDev":{"confidence_interval":{"confidence_level":0.95,"lower_bound":7069.017684198753,"upper_bound":13994.951312987307},"point_estimate":9856.651811696018,"standard_error":1842.3552681353726},"Slope":{"confidence_interval":{"confidence_level":0.95,"lower_bound":180183.54950624157,"upper_bound":186847.82627505553},"point_estimate":183671.7134013103,"standard_error":1693.269972006518},"StdDev":{"confidence_interval":{"confidence_level":0.95,"lower_bound":12600.40201473123,"upper_bound":18636.664780991294},"point_estimate":15759.333556521933,"standard_error":1539.3973650701491}}